key,key:task,key:maintenance-record
task-maintenance-record-01,task-001,maintenance-record-02
task-maintenance-record-02,task-002,maintenance-record-02
task-maintenance-record-03,task-003,maintenance-record-04
task-maintenance-record-04,task-004,maintenance-record-01
task-maintenance-record-05,task-005,maintenance-record-05
task-maintenance-record-06,task-006,maintenance-record-06
task-maintenance-record-07,task-007,maintenance-record-02
task-maintenance-record-08,task-008,maintenance-record-08
task-maintenance-record-09,task-009,maintenance-record-04
task-maintenance-record-10,task-010,maintenance-record-01
task-maintenance-record-11,task-011,maintenance-record-01
task-maintenance-record-12,task-012,maintenance-record-02
task-maintenance-record-13,task-013,maintenance-record-06
task-maintenance-record-14,task-014,maintenance-record-01
task-maintenance-record-15,task-015,maintenance-record-06
task-maintenance-record-16,task-016,maintenance-record-03
task-maintenance-record-17,task-017,maintenance-record-08
task-maintenance-record-18,task-018,maintenance-record-07
task-maintenance-record-19,task-019,maintenance-record-09
task-maintenance-record-20,task-020,maintenance-record-01
task-maintenance-record-21,task-021,maintenance-record-02
task-maintenance-record-22,task-022,maintenance-record-05
task-maintenance-record-23,task-023,maintenance-record-03
task-maintenance-record-24,task-024,maintenance-record-09
task-maintenance-record-25,task-025,maintenance-record-05
task-maintenance-record-26,task-026,maintenance-record-06
task-maintenance-record-27,task-027,maintenance-record-06
task-maintenance-record-28,task-028,maintenance-record-01
task-maintenance-record-29,task-029,maintenance-record-08
task-maintenance-record-30,task-030,maintenance-record-03
task-maintenance-record-31,task-031,maintenance-record-01
task-maintenance-record-32,task-032,maintenance-record-03
task-maintenance-record-33,task-033,maintenance-record-03
task-maintenance-record-34,task-034,maintenance-record-07
task-maintenance-record-35,task-035,maintenance-record-04
task-maintenance-record-36,task-036,maintenance-record-07
task-maintenance-record-37,task-037,maintenance-record-06
task-maintenance-record-38,task-038,maintenance-record-08
task-maintenance-record-39,task-039,maintenance-record-09
task-maintenance-record-40,task-040,maintenance-record-01
task-maintenance-record-41,task-041,maintenance-record-04
task-maintenance-record-42,task-042,maintenance-record-01
task-maintenance-record-43,task-043,maintenance-record-03
task-maintenance-record-44,task-044,maintenance-record-01
task-maintenance-record-45,task-045,maintenance-record-02
task-maintenance-record-46,task-046,maintenance-record-01
task-maintenance-record-47,task-047,maintenance-record-07
task-maintenance-record-48,task-048,maintenance-record-07
task-maintenance-record-49,task-049,maintenance-record-02
task-maintenance-record-50,task-050,maintenance-record-01
